date,open,high,low,close,volume,turnover,pre-close,changeamount,change
2020-12-22,20.45,20.45,20.45,20.45,335561.0,0.0098694411764705,20.45,0.0,0.0
2020-12-23,22.5,22.5,22.5,22.5,87189.0,0.0025643823529411,20.45,2.05,0.1002
2020-12-24,24.75,24.75,24.75,24.75,594243.0,0.0174777352941176,22.5,2.25,0.1
2020-12-25,27.23,27.23,27.23,27.23,1257042.0,0.0369718235294117,24.75,2.48,0.1002
2020-12-28,29.95,29.95,29.95,29.95,458550.0,0.0134867647058823,27.23,2.72,0.0999
2020-12-29,32.95,32.95,32.95,32.95,6578485.0,0.1934848529411764,29.95,3.0,0.1002
2020-12-30,32.0,32.05,29.66,30.15,17771785.0,0.5226995588235294,32.95,-2.8,-0.085
2020-12-31,30.04,30.04,27.6,28.13,13258118.0,0.3899446470588235,30.15,-2.02,-0.067
2021-01-04,27.57,28.5,27.31,27.5,9515534.0,0.2798686470588235,28.13,-0.63,-0.0224
2021-01-05,27.8,30.0,27.79,29.2,10935479.0,0.3216317352941176,27.5,1.7,0.0618
2021-01-06,28.11,28.85,27.51,28.18,7053480.0,0.207455294117647,29.2,-1.02,-0.0349
2021-01-07,27.82,27.95,25.36,25.4,8060430.0,0.2370714705882353,28.18,-2.78,-0.0987
2021-01-08,25.13,26.5,23.06,25.52,4313407.0,0.1268649117647058,25.4,0.12,0.0047
2021-01-11,25.0,25.16,23.13,23.31,5504927.0,0.1619096176470588,25.52,-2.21,-0.0866
2021-01-12,23.13,23.8,22.91,23.27,2900087.0,0.0852966764705882,23.31,-0.04,-0.0017
2021-01-13,23.14,25.0,22.57,23.79,5034540.0,0.1480747058823529,23.27,0.52,0.0223
2021-01-14,24.0,24.06,22.84,23.82,3109203.0,0.0914471470588235,23.79,0.03,0.0013
2021-01-15,23.9,24.61,23.43,23.79,3775371.0,0.1110403235294117,23.82,-0.03,-0.0013
2021-01-18,23.6,24.1,23.21,23.44,2713781.0,0.0798170882352941,23.79,-0.35,-0.0147
2021-01-19,23.26,24.09,23.05,23.33,2772359.0,0.0815399705882353,23.44,-0.11,-0.0047
2021-01-20,23.23,24.64,23.1,24.51,4327104.0,0.1272677647058823,23.33,1.18,0.0506
2021-01-21,24.15,24.6,24.01,24.23,3617271.0,0.1063903235294117,24.51,-0.28,-0.0114
2021-01-22,24.26,25.0,23.85,24.5,4103667.0,0.1206960882352941,24.23,0.27,0.0111
2021-01-25,25.01,25.09,23.2,24.16,4420760.0,0.1300223529411764,24.5,-0.34,-0.0139
2021-01-26,24.5,24.7,23.5,23.5,3585803.0,0.105464794117647,24.16,-0.66,-0.0273
2021-01-27,23.0,23.07,21.8,21.88,4490471.0,0.1320726764705882,23.5,-1.62,-0.0689
2021-01-28,21.55,22.17,21.23,21.43,2215156.0,0.0651516470588235,21.88,-0.45,-0.0206
2021-01-29,21.48,21.67,20.48,21.24,3279452.0,0.0964544705882353,21.43,-0.19,-0.0089
2021-02-01,21.1,22.18,21.01,22.0,3412621.0,0.1003712058823529,21.24,0.76,0.0358
2021-02-02,22.0,22.22,21.3,21.4,2702389.0,0.0794820294117647,22.0,-0.6,-0.0273
2021-02-03,21.2,21.39,20.49,20.49,2420384.0,0.0711877647058823,21.4,-0.91,-0.0425
2021-02-04,20.25,21.63,20.16,21.5,3212603.0,0.0944883235294117,20.49,1.01,0.0493
2021-02-05,21.6,21.85,20.56,20.65,2221493.0,0.0653380294117647,21.5,-0.85,-0.0395
2021-02-08,20.75,22.72,20.49,21.3,2912647.0,0.0856660882352941,20.65,0.65,0.0315
2021-02-09,21.6,22.18,21.35,21.67,2869306.0,0.0843913529411764,21.3,0.37,0.0174
2021-02-10,21.3,21.66,21.07,21.18,2162151.0,0.0635926764705882,21.67,-0.49,-0.0226
2021-02-18,21.32,21.93,21.18,21.74,2140623.0,0.0629595,21.18,0.56,0.0264
2021-02-19,21.5,22.34,21.5,22.2,2293112.0,0.0674444705882353,21.74,0.46,0.0212
2021-02-22,22.1,22.66,21.78,21.98,2633900.0,0.0774676470588235,22.2,-0.22,-0.0099
2021-02-23,21.87,22.05,21.4,21.45,1971550.0,0.0579867647058823,21.98,-0.53,-0.0241
2021-02-24,21.45,21.88,21.3,21.44,1949121.0,0.0573270882352941,21.45,-0.01,-0.0005
2021-02-25,21.45,21.65,20.68,20.99,2021559.0,0.0594576176470588,21.44,-0.45,-0.021
2021-02-26,20.8,21.35,20.51,21.0,1535394.0,0.0451586470588235,20.99,0.01,0.0005
2021-03-01,20.9,21.38,20.72,21.35,1395660.0,0.0410488235294117,21.0,0.35,0.0167
2021-03-02,21.41,21.45,20.87,20.9,1537552.0,0.0452221176470588,21.35,-0.45,-0.0211
2021-03-03,21.01,21.37,20.79,21.28,1364940.0,0.040145294117647,20.9,0.38,0.0182
2021-03-04,21.32,21.4,20.91,20.92,1444286.0,0.042479,21.28,-0.36,-0.0169
2021-03-05,21.0,21.38,20.95,21.27,1403515.0,0.0412798529411764,20.92,0.35,0.0167
2021-03-08,21.5,21.58,21.17,21.19,1520220.0,0.0447123529411764,21.27,-0.08,-0.0038
2021-03-09,21.1,21.17,20.01,20.19,1962432.0,0.0577185882352941,21.19,-1.0,-0.0472
2021-03-10,20.22,20.55,19.88,20.18,1178628.0,0.0346655294117647,20.19,-0.01,-0.0005
2021-03-11,20.1,20.33,19.88,20.28,1277315.0,0.0375680882352941,20.18,0.1,0.005
2021-03-12,20.27,20.27,19.74,19.77,1289436.0,0.0379245882352941,20.28,-0.51,-0.0251
2021-03-15,19.3,19.69,18.89,19.07,1826822.0,0.0537300588235294,19.77,-0.7,-0.0354
2021-03-16,19.13,19.2,18.9,19.15,1019264.0,0.0299783529411764,19.07,0.08,0.0042
2021-03-17,19.16,19.55,19.08,19.38,1335493.0,0.0392792058823529,19.15,0.23,0.012
2021-03-18,19.28,19.98,19.28,19.77,1723627.0,0.0506949117647058,19.38,0.39,0.0201
2021-03-19,19.7,20.47,19.53,20.31,2308971.0,0.0679109117647058,19.77,0.54,0.0273
2021-03-22,20.2,20.55,20.02,20.35,1831992.0,0.0538821176470588,20.31,0.04,0.002
2021-03-23,20.27,20.45,19.92,19.99,1374810.0,0.0404355882352941,20.35,-0.36,-0.0177
2021-03-24,19.78,20.57,19.66,20.07,1470621.0,0.0432535588235294,19.99,0.08,0.004
2021-03-25,20.35,21.54,19.99,21.17,3552595.0,0.1044880882352941,20.07,1.1,0.0548
2021-03-26,20.76,20.96,20.48,20.85,2763207.0,0.081270794117647,21.17,-0.32,-0.0151
2021-03-29,20.76,20.99,20.55,20.99,2130127.0,0.062650794117647,20.85,0.14,0.0067
2021-03-30,20.99,21.42,20.54,21.16,2560621.0,0.0753123823529411,20.99,0.17,0.0081
2021-03-31,21.05,21.35,20.81,20.91,2146480.0,0.0631317647058823,21.16,-0.25,-0.0118
2021-04-01,20.81,21.83,20.56,21.19,3320949.0,0.0976749705882353,20.91,0.28,0.0134
2021-04-02,21.26,22.81,21.11,21.68,4180884.0,0.1229671764705882,21.19,0.49,0.0231
2021-04-06,21.56,22.2,21.34,21.58,2875216.0,0.0845651764705882,21.68,-0.1,-0.0046
2021-04-07,21.79,23.68,21.63,22.77,6617829.0,0.1946420294117647,21.58,1.19,0.0551
2021-04-08,22.52,22.97,22.29,22.32,4554191.0,0.133946794117647,22.77,-0.45,-0.0198
2021-04-09,22.18,22.98,22.0,22.89,3443660.0,0.1012841176470588,22.32,0.57,0.0255
2021-04-12,22.7,22.7,20.9,21.63,5124860.0,0.1507311764705882,22.89,-1.26,-0.055
2021-04-13,21.39,23.66,21.22,22.2,4403179.0,0.1295052647058823,21.63,0.57,0.0264
2021-04-14,21.62,23.98,21.61,23.6,8179376.0,0.2405698823529412,22.2,1.4,0.0631
2021-04-15,23.01,23.38,22.77,23.21,4314909.0,0.1269090882352941,23.6,-0.39,-0.0165
2021-04-16,23.25,23.25,22.28,22.56,3915955.0,0.1151751470588235,23.21,-0.65,-0.028
2021-04-19,22.48,22.82,22.0,22.44,3178602.0,0.093488294117647,22.56,-0.12,-0.0053
2021-04-20,21.9,22.58,21.68,21.87,3585812.0,0.1054650588235294,22.44,-0.57,-0.0254
2021-04-21,21.52,22.16,21.52,21.73,2344905.0,0.068967794117647,21.87,-0.14,-0.0064
2021-04-22,21.9,22.18,19.56,20.8,3813442.0,0.1121600588235294,21.73,-0.93,-0.0428
2021-04-23,20.65,20.77,19.97,20.13,2604706.0,0.076609,20.8,-0.67,-0.0322
2021-04-26,20.1,20.45,20.0,20.11,1552772.0,0.0456697647058823,20.13,-0.02,-0.001
2021-04-27,20.1,20.1,19.22,19.24,2476438.0,0.0728364117647058,20.11,-0.87,-0.0433
2021-04-28,19.35,19.52,19.19,19.44,1299393.0,0.0382174411764705,19.24,0.2,0.0104
2021-04-29,19.3,19.5,19.12,19.37,1303548.0,0.0383396470588235,19.44,-0.07,-0.0036
2021-04-30,19.31,19.37,18.43,18.49,2044465.0,0.0601313235294117,19.37,-0.88,-0.0454
2021-05-06,18.49,19.44,18.49,19.26,1994980.0,0.0586758823529411,18.49,0.77,0.0416
2021-05-07,19.22,19.58,18.95,19.04,1868734.0,0.0549627647058823,19.26,-0.22,-0.0114
2021-05-10,18.85,18.98,18.6,18.61,1247998.0,0.0367058235294117,19.04,-0.43,-0.0226
2021-05-11,18.58,18.98,18.4,18.91,1147034.0,0.033736294117647,18.61,0.3,0.0161
2021-05-12,18.81,18.9,18.58,18.75,1139700.0,0.0335205882352941,18.91,-0.16,-0.0085
2021-05-13,18.65,18.95,18.49,18.82,1019826.0,0.0299948823529411,18.75,0.07,0.0037
2021-05-14,18.8,19.19,18.79,19.1,1279870.0,0.0376432352941176,18.82,0.28,0.0149
2021-05-17,19.17,19.2,18.79,19.02,1032389.0,0.0303643823529411,19.1,-0.08,-0.0042
2021-05-18,19.01,19.02,18.7,18.94,897311.0,0.0263915,19.02,-0.08,-0.0042
2021-05-19,18.84,19.13,18.83,18.95,890162.0,0.0261812352941176,18.94,0.01,0.0005
2021-05-20,18.85,18.92,18.6,18.69,1010127.0,0.0297096176470588,18.95,-0.26,-0.0137
2021-05-21,18.65,18.86,18.6,18.61,754378.0,0.0221875882352941,18.69,-0.08,-0.0043
2021-05-24,18.63,18.91,18.61,18.84,767471.0,0.0225726764705882,18.61,0.23,0.0124
2021-05-25,18.83,20.72,18.78,20.72,4873600.0,0.1433411764705882,18.84,1.88,0.0998
2021-05-26,20.98,22.79,20.73,22.79,10795372.0,0.3175109411764706,20.72,2.07,0.0999
2021-05-27,22.66,25.07,22.3,25.07,8416006.0,0.2475295882352941,22.79,2.28,0.1
2021-05-28,27.58,27.58,27.58,27.58,1156008.0,0.0340002352941176,25.07,2.51,0.1001
2021-05-31,29.28,30.34,27.8,30.34,13641833.0,0.4012303823529412,27.58,2.76,0.1001
2021-06-01,30.41,33.37,29.66,33.37,15095904.0,0.4439971764705882,30.34,3.03,0.0999
2021-06-02,36.29,36.71,35.33,36.71,9255636.0,0.2722245882352941,33.37,3.34,0.1001
2021-06-03,35.03,39.83,34.15,37.5,17390216.0,0.5114769411764706,36.71,0.79,0.0215
2021-06-04,35.7,36.65,33.75,33.75,11065936.0,0.3254687058823529,37.5,-3.75,-0.1
2021-06-07,33.5,37.13,32.23,37.13,11934296.0,0.3510087058823529,33.75,3.38,0.1001
2021-06-08,35.66,39.33,35.2,35.93,11864509.0,0.3489561470588235,37.13,-1.2,-0.0323
2021-06-09,35.57,37.0,34.01,34.35,8579578.0,0.2523405294117647,35.93,-1.58,-0.044
2021-06-10,34.35,35.06,32.02,35.06,6203276.0,0.182449294117647,34.35,0.71,0.0207
2021-06-11,35.19,35.35,32.7,32.7,5001516.0,0.1471034117647058,35.06,-2.36,-0.0673
2021-06-15,32.72,33.36,29.43,30.11,5955958.0,0.1751752352941176,32.7,-2.59,-0.0792
2021-06-16,29.96,31.5,29.3,31.0,3884776.0,0.1142581176470588,30.11,0.89,0.0296
2021-06-17,30.25,32.59,29.95,31.56,3843102.0,0.1130324117647058,31.0,0.56,0.0181
2021-06-18,31.98,34.72,31.91,34.72,3234332.0,0.0951274117647058,31.56,3.16,0.1001
2021-06-21,36.61,36.77,32.6,34.52,6350124.0,0.1867683529411764,34.72,-0.2,-0.0058
2021-06-22,33.55,36.5,33.55,35.74,5846006.0,0.1719413529411764,34.52,1.22,0.0353
2021-06-23,34.99,35.2,32.6,33.8,5200048.0,0.1529425882352941,35.74,-1.94,-0.0543
2021-06-24,33.26,35.13,31.0,35.13,5700974.0,0.1676757058823529,33.8,1.33,0.0393
2021-06-25,34.35,36.1,33.14,34.68,4046233.0,0.1190068529411764,35.13,-0.45,-0.0128
2021-06-28,34.15,37.88,34.08,35.8,4363370.0,0.1283344117647059,34.68,1.12,0.0323
2021-06-29,36.6,36.92,34.5,35.07,2972532.0,0.0874274117647058,35.8,-0.73,-0.0204
2021-06-30,35.0,35.66,33.67,34.28,2366445.0,0.0696013235294117,35.07,-0.79,-0.0225
2021-07-01,34.9,37.71,34.1,36.91,7666602.0,0.225488294117647,34.28,2.63,0.0767
2021-07-02,37.4,39.88,33.66,37.5,6828833.0,0.2008480294117647,36.91,0.59,0.016
2021-07-05,39.1,41.25,39.0,41.25,6346801.0,0.1866706176470588,37.5,3.75,0.1
2021-07-06,42.01,45.38,41.2,41.71,9808024.0,0.288471294117647,41.25,0.46,0.0112
2021-07-07,40.51,45.88,39.91,45.88,6785097.0,0.1995616764705882,41.71,4.17,0.1
2021-07-08,45.45,46.52,43.8,44.6,6151598.0,0.1809293529411764,45.88,-1.28,-0.0279
2021-07-09,44.13,46.22,42.18,44.18,4667120.0,0.1372682352941176,44.6,-0.42,-0.0094
2021-07-12,43.79,46.0,42.2,45.4,4071599.0,0.1197529117647058,44.18,1.22,0.0276
2021-07-13,44.98,44.98,42.2,42.2,3351616.0,0.0985769411764705,45.4,-3.2,-0.0705
2021-07-14,42.2,42.69,40.22,40.38,3243548.0,0.0953984705882352,42.2,-1.82,-0.0431
2021-07-15,40.51,40.61,38.8,40.0,2481790.0,0.0729938235294117,40.38,-0.38,-0.0094
2021-07-16,40.3,41.3,39.39,39.57,1644606.0,0.0483707647058823,40.0,-0.43,-0.0107
2021-07-19,39.79,42.8,38.5,42.24,3675769.0,0.1081108529411764,39.57,2.67,0.0675
2021-07-20,41.3,42.36,39.7,39.78,2970723.0,0.0873742058823529,42.24,-2.46,-0.0582
2021-07-21,39.79,40.8,39.31,40.7,2292680.0,0.0674317647058823,39.78,0.92,0.0231
2021-07-22,41.16,41.16,36.63,36.93,5033312.0,0.1480385882352941,40.7,-3.77,-0.0926
2021-07-23,36.35,36.7,34.52,35.93,2794298.0,0.0821852352941176,36.93,-1.01,-0.0273
2021-07-26,35.75,35.75,32.35,32.66,3936491.0,0.1157791470588235,35.92,-3.27,-0.091
2021-07-27,32.03,33.22,31.01,31.28,2222258.0,0.0653605294117647,32.65,-1.38,-0.0423
2021-07-28,31.0,31.44,28.15,30.01,3170264.0,0.0932430588235294,31.27,-1.27,-0.0406
2021-07-29,30.42,33.01,30.42,33.01,1596948.0,0.0469690588235294,30.0,3.0,0.1
2021-07-30,34.11,36.31,33.3,36.31,5479415.0,0.1611592647058823,33.0,3.3,0.1
2021-08-02,36.9,38.17,35.9,36.8,4434251.0,0.1304191470588235,36.3,0.49,0.0135
2021-08-03,36.96,37.96,36.25,36.96,2901087.0,0.0853260882352941,36.79,0.16,0.0043
2021-08-04,36.51,40.51,36.51,40.31,4029377.0,0.1185110882352941,36.95,3.35,0.0907
2021-08-05,40.01,41.89,39.08,40.59,3136136.0,0.092239294117647,40.3,0.28,0.0069
2021-08-06,41.39,41.39,37.81,38.54,3287132.0,0.0966803529411764,40.58,-2.05,-0.0505
2021-08-09,39.8,39.81,35.83,38.17,3365383.0,0.0989818529411764,38.53,-0.37,-0.0096
2021-08-10,39.71,40.64,37.51,38.42,4058784.0,0.119376,38.16,0.25,0.0066
2021-08-11,38.41,38.41,36.29,36.92,2774188.0,0.0815937647058823,38.41,-1.5,-0.0391
2021-08-12,37.66,38.34,36.21,37.09,1916500.0,0.0563676470588235,36.91,0.17,0.0046
2021-08-13,37.66,38.83,36.7,36.9,1775100.0,0.0522088235294117,37.08,-0.19,-0.0051
2021-08-16,37.32,37.32,35.01,37.02,2077035.0,0.0610892647058823,36.89,0.12,0.0033
2021-08-17,36.27,36.81,35.45,36.05,1976800.0,0.0581411764705882,37.01,-0.97,-0.0262
2021-08-18,35.72,36.19,34.01,34.81,1766832.0,0.0519656470588235,36.04,-1.24,-0.0344
2021-08-19,34.32,38.29,34.01,38.29,3598806.0,0.1058472352941176,34.8,3.48,0.1
2021-08-20,38.71,39.38,37.31,38.18,3854835.0,0.1133775,38.28,-0.11,-0.0029
2021-08-23,38.01,40.41,37.32,39.62,3639216.0,0.1070357647058823,38.17,1.44,0.0377
2021-08-24,39.61,42.49,38.79,40.86,3320032.0,0.097648,39.61,1.24,0.0313
2021-08-25,40.59,41.46,38.71,40.92,2515666.0,0.0739901764705882,40.64,0.06,0.0016
2021-08-26,41.02,42.68,39.77,41.34,2150766.0,0.0632578235294117,40.7,0.42,0.0103
2021-08-27,41.42,42.04,39.85,41.07,1550100.0,0.0455911764705882,41.12,-0.27,-0.0066
2021-08-30,40.77,42.03,38.31,38.44,2482600.0,0.0730176470588235,40.85,-2.62,-0.0641
2021-08-31,39.21,39.4,36.95,37.5,1377512.0,0.0405150588235294,38.23,-0.93,-0.0243
2021-09-01,37.48,37.86,36.28,37.79,1247303.0,0.0366853823529411,37.3,0.28,0.0075
2021-09-02,37.79,39.64,36.69,38.56,1477916.0,0.0434681176470588,37.58,0.77,0.0205
2021-09-03,38.81,41.53,38.59,40.82,1795600.0,0.0528117647058823,38.35,2.25,0.0587
2021-09-06,41.33,42.74,39.42,41.33,1856351.0,0.0545985588235294,40.6,0.5,0.0123
2021-09-07,41.63,42.09,39.88,40.06,1236000.0,0.0363529411764705,41.1,-1.26,-0.0307
2021-09-08,40.07,40.18,38.91,39.55,787967.0,0.0231755,39.84,-0.5,-0.0126
2021-09-09,39.71,39.71,37.58,37.61,1279934.0,0.0376451176470588,39.34,-1.93,-0.0491
2021-09-10,38.3,39.71,37.61,38.91,962416.0,0.0283063529411764,37.41,1.29,0.0345
2021-09-13,39.06,40.42,38.91,39.34,1425920.0,0.0419388235294117,38.7,0.43,0.0111
2021-09-14,40.16,43.27,39.74,43.27,2475564.0,0.0728107058823529,39.13,3.91,0.0999
2021-09-15,45.24,45.24,40.46,40.7,3037816.0,0.0893475294117647,43.04,-2.56,-0.0595
2021-09-16,40.79,41.16,38.91,39.21,1794322.0,0.0527741764705882,40.48,-1.48,-0.0366
2021-09-17,37.69,39.37,37.69,38.0,1538002.0,0.0452353529411764,39.0,-1.2,-0.0308
2021-09-22,37.4,37.81,35.49,36.89,1800922.0,0.052968294117647,37.8,-1.1,-0.0291
2021-09-23,36.21,37.7,36.21,37.13,932933.0,0.0274392058823529,36.7,0.24,0.0065
2021-09-24,37.17,37.17,35.7,35.88,835448.0,0.024572,36.94,-1.25,-0.0338
2021-09-27,35.88,35.88,33.09,33.11,1761134.0,0.0517980588235294,35.69,-2.75,-0.0771
2021-09-28,33.02,34.91,32.29,33.16,1671049.0,0.0491485,32.94,0.05,0.0015
2021-09-29,32.37,33.49,31.21,32.37,1371600.0,0.0403411764705882,32.99,-0.79,-0.0239
2021-09-30,33.07,34.53,32.47,34.43,1033616.0,0.0304004705882352,32.2,2.05,0.0637
2021-10-08,34.48,35.06,33.63,34.36,740716.0,0.0217857647058823,34.25,-0.07,-0.002
2021-10-11,35.06,36.37,34.14,34.94,875800.0,0.0257588235294117,34.18,0.57,0.0167
2021-10-12,35.22,36.78,35.02,36.32,1421114.0,0.0417974705882353,34.75,1.38,0.0397
2021-10-13,36.19,38.7,35.2,38.31,2162022.0,0.0635888823529411,36.13,1.98,0.0548
2021-10-14,37.57,39.51,37.57,38.96,1389100.0,0.0408558823529411,38.11,0.64,0.0168
2021-10-15,39.36,42.86,38.54,40.2,2482755.0,0.0730222058823529,38.75,1.24,0.032
2021-10-18,40.04,41.72,38.93,39.81,1762218.0,0.0518299411764705,39.99,-0.39,-0.0098
2021-10-19,40.06,41.7,39.37,40.9,1888518.0,0.0555446470588235,39.6,1.08,0.0273
2021-10-20,41.52,41.52,39.21,39.44,1453992.0,0.0427644705882352,40.68,-1.45,-0.0356
2021-10-21,40.19,41.16,38.99,39.69,1562939.0,0.045968794117647,39.23,0.25,0.0064
2021-10-22,40.36,40.43,38.12,38.6,1163300.0,0.0342147058823529,39.48,-1.08,-0.0274
2021-10-25,39.08,39.32,36.19,37.04,2002510.0,0.0588973529411764,38.4,-1.56,-0.0406
2021-10-26,36.87,40.74,36.19,40.74,3280692.0,0.0964909411764705,36.84,3.68,0.0999
2021-10-27,40.33,40.41,37.91,38.17,2362117.0,0.0694740294117647,40.52,-2.55,-0.0629
2021-10-28,38.17,38.51,35.49,36.09,2148732.0,0.063198,37.97,-2.07,-0.0545
2021-10-29,35.87,37.4,35.52,36.75,1190209.0,0.0350061470588235,35.9,0.65,0.0181
2021-11-01,36.73,39.04,36.05,37.03,2163074.0,0.0636198235294117,36.55,0.28,0.0077
2021-11-02,36.04,38.16,36.04,36.95,1532578.0,0.0450758235294117,36.83,-0.08,-0.0022
2021-11-03,36.57,38.38,36.5,37.76,1584600.0,0.0466058823529411,36.75,0.81,0.022
2021-11-04,38.06,39.03,37.28,38.4,1737525.0,0.0511036764705882,37.56,0.63,0.0168
2021-11-05,38.39,39.18,37.35,38.3,1544955.0,0.0454398529411764,38.19,-0.09,-0.0024
2021-11-08,38.51,38.72,36.99,38.11,1361500.0,0.0400441176470588,38.1,-0.2,-0.0052
2021-11-09,37.7,39.54,37.21,37.52,1673900.0,0.0492323529411764,37.9,-0.58,-0.0153
2021-11-10,37.38,39.76,37.3,39.26,2879548.0,0.0846925882352941,37.32,1.73,0.0464
2021-11-11,38.9,39.2,36.11,36.15,3360345.0,0.0988336764705882,39.05,-3.1,-0.0794
2021-11-12,35.59,36.92,35.52,36.7,1331533.0,0.0391627352941176,35.95,0.55,0.0153
2021-11-15,36.79,40.17,36.46,39.36,3457788.0,0.1016996470588235,36.5,2.65,0.0726
2021-11-16,39.87,40.09,36.93,39.6,3035832.0,0.0892891764705882,39.15,0.24,0.0061
2021-11-17,39.52,40.68,38.41,40.28,2356497.0,0.0693087352941176,39.39,0.67,0.017
2021-11-18,39.68,40.09,38.31,39.71,2056125.0,0.0604742647058823,40.06,-0.56,-0.014
2021-11-19,39.6,39.61,38.36,38.82,1220998.0,0.0359117058823529,39.5,-0.89,-0.0225
2021-11-22,38.95,39.37,38.32,38.57,1025898.0,0.0301734705882352,38.61,-0.25,-0.0065
2021-11-23,38.27,40.1,37.21,39.71,2241686.0,0.0659319411764705,38.36,1.14,0.0297
2021-11-24,39.96,43.68,39.14,43.68,2585843.0,0.0760542058823529,39.5,3.95,0.1
2021-11-25,44.6,47.55,44.03,45.39,5797013.0,0.1705003823529411,43.45,1.7,0.0391
2021-11-26,45.5,45.74,42.33,43.38,4444649.0,0.1307249705882353,45.15,-2.0,-0.0443
2021-11-29,42.14,42.71,40.8,41.95,2846499.0,0.0837205588235294,43.15,-1.42,-0.0329
2021-11-30,42.05,42.63,40.72,41.38,2016464.0,0.0593077647058823,41.73,-0.57,-0.0137
2021-12-01,41.1,41.38,39.2,39.84,3496427.0,0.1028360882352941,41.16,-1.53,-0.0372
2021-12-02,39.91,39.91,38.5,38.6,1746700.0,0.0513735294117647,39.63,-1.23,-0.031
2021-12-03,38.91,39.41,38.06,38.7,1689302.0,0.0496853529411764,38.4,0.1,0.0026
2021-12-06,38.86,39.16,37.32,38.04,1478304.0,0.0434795294117647,38.5,-0.66,-0.0171
2021-12-07,38.0,40.42,37.5,40.39,2544532.0,0.0748391764705882,37.84,2.33,0.0616
2021-12-08,40.1,40.36,38.94,39.78,1854890.0,0.0545555882352941,40.17,-0.6,-0.0149
2021-12-09,39.71,39.78,38.61,39.25,1412566.0,0.0415460588235294,39.57,-0.53,-0.0134
2021-12-10,38.84,40.0,38.76,38.99,971327.0,0.0285684411764705,39.04,-0.26,-0.0067
2021-12-13,38.99,39.35,38.51,39.11,652732.0,0.019198,38.78,0.12,0.0031
2021-12-14,39.15,39.15,38.22,38.37,1045702.0,0.0307559411764705,38.9,-0.74,-0.019
2021-12-15,38.34,38.71,37.64,37.67,752053.0,0.0221192058823529,38.16,-0.69,-0.0181
2021-12-16,37.7,38.0,36.65,37.36,1145208.0,0.0336825882352941,37.47,-0.31,-0.0083
2021-12-17,37.45,39.11,36.31,38.29,1664009.0,0.0489414411764705,37.16,0.92,0.0248
2021-12-20,38.2,38.58,37.2,37.2,770701.0,0.0226676764705882,38.08,-1.08,-0.0284
2021-12-21,36.86,37.52,36.21,37.12,876417.0,0.0257769705882352,37.0,-0.08,-0.0022
2021-12-22,37.08,38.19,36.77,37.71,1054909.0,0.0158319203188604,36.92,0.59,0.016
2021-12-23,38.05,38.85,37.08,37.23,1130109.0,0.0169605109441924,37.51,-0.48,-0.0128
2021-12-24,36.63,37.7,35.59,35.99,1230000.0,0.0184596604941263,37.03,-1.23,-0.0332
2021-12-27,35.69,36.86,34.61,36.01,1161726.0,0.0174350142660158,35.8,0.02,0.0006
2021-12-28,36.19,36.33,35.1,35.25,742551.0,0.0111440970403041,35.82,-0.76,-0.0212
2021-12-29,35.25,35.88,34.56,35.47,976828.0,0.0146600920659808,35.06,0.22,0.0063
2021-12-30,35.47,37.5,34.73,36.83,1686526.0,0.025311136076843,35.28,1.35,0.0383
2021-12-31,36.8,36.8,36.1,36.46,569075.0,0.0085405945493455,36.63,-0.37,-0.0101
2022-01-04,36.3,36.7,35.09,35.65,1446805.0,0.0217134382936622,36.26,-0.81,-0.0223
2022-01-05,35.6,36.03,34.29,35.26,1153800.0,0.0173160620147341,35.45,-0.38,-0.0107
2022-01-06,35.19,38.79,34.49,38.79,4246551.0,0.0637316176674739,35.07,3.51,0.1001
2022-01-07,39.28,39.72,37.02,37.02,2698134.0,0.04049320130704,38.58,-1.76,-0.0456
2022-01-10,37.38,38.29,36.7,37.98,1378475.0,0.0206879516257242,36.82,0.95,0.0258
2022-01-11,38.1,39.97,37.73,39.61,1943792.0,0.0291721466595113,37.77,1.62,0.0429
2022-01-12,40.1,40.55,38.94,39.65,1278380.0,0.019185740473562,39.39,0.04,0.001
2022-01-13,40.67,40.78,39.32,39.72,1215763.0,0.0182459936758703,39.43,0.07,0.0018
2022-01-14,39.36,41.73,39.36,41.53,2104263.0,0.0315804720084161,39.5,1.8,0.0456
2022-01-17,42.0,42.0,40.42,40.99,1244201.0,0.0186727870296362,41.3,-0.54,-0.0131
2022-01-18,40.93,42.18,40.02,40.77,1620247.0,0.0243164305175827,40.76,-0.22,-0.0054
2022-01-19,40.81,40.85,38.41,39.07,1190100.0,0.0178608471171218,40.54,-1.69,-0.0417
2022-01-20,38.97,39.42,36.72,37.54,1792922.0,0.026907911717439,38.85,-1.52,-0.0391
2022-01-21,36.91,37.87,35.86,36.18,1046705.0,0.01570879588415,37.33,-1.35,-0.0362
2022-01-24,35.58,37.56,35.58,37.2,749852.0,0.011253669382798,35.98,1.02,0.0283
2022-01-25,37.35,38.57,36.38,36.41,1118053.0,0.0167795762556418,37.0,-0.79,-0.0214
2022-01-26,36.41,36.82,34.93,35.37,779601.0,0.0117001380332369,36.21,-1.03,-0.0284
2022-01-27,35.31,35.71,33.68,33.71,793786.0,0.0119130244430817,35.18,-1.65,-0.0469
2022-01-28,33.84,34.85,33.51,34.12,552500.0,0.0082918393682966,33.53,0.4,0.0119
2022-02-07,34.58,35.08,33.28,33.44,804000.0,0.0120663146644533,33.93,-0.67,-0.0197
2022-02-08,33.45,33.67,32.44,33.03,859200.0,0.0128947482085799,33.26,-0.41,-0.0123
2022-02-09,33.13,33.77,32.42,33.71,727768.0,0.0109222359337311,32.85,0.67,0.0204
2022-02-10,33.48,34.47,33.03,33.06,891277.0,0.0133761551432711,33.52,-0.64,-0.0191
2022-02-11,32.7,33.56,31.28,32.59,2098500.0,0.0314939817454668,32.88,-0.47,-0.0143
2022-02-14,32.98,32.98,30.5,31.01,1550700.0,0.0232726792912534,32.41,-1.57,-0.0484
2022-02-15,31.18,31.41,30.0,31.08,1161600.0,0.0174331232764042,30.84,0.07,0.0023
2022-02-16,31.08,32.34,31.03,31.53,1099222.0,0.016496963355833,30.91,0.44,0.0142
2022-02-17,31.75,31.75,31.07,31.17,753542.0,0.0113090483642804,31.35,-0.35,-0.0112
2022-02-18,31.27,32.04,30.88,31.61,691600.0,0.0103794318680795,31.0,0.43,0.0139
2022-02-21,31.61,31.85,31.1,31.4,697042.0,0.0104611046098754,31.43,-0.2,-0.0064
2022-02-22,31.46,31.46,30.48,30.78,495142.0,0.0074310188751079,31.23,-0.62,-0.0199
2022-02-23,30.77,32.11,30.75,31.98,780304.0,0.0117106885546412,30.61,1.2,0.0392
2022-02-24,31.98,33.16,31.6,32.36,1501356.0,0.0225321317405037,31.81,0.37,0.0116
2022-02-25,32.49,35.14,32.49,34.3,1981316.0,0.0297353013752687,32.18,1.93,0.06
2022-02-28,34.32,34.69,32.64,33.46,1240523.0,0.0186175881424025,34.11,-0.83,-0.0243
2022-03-01,33.38,33.81,32.89,33.51,934420.0,0.0140236389909931,33.28,0.05,0.0015
2022-03-02,33.51,34.08,32.91,33.48,872376.0,0.013092491693678,33.33,-0.03,-0.0009
2022-03-03,33.48,33.84,33.11,33.75,745058.0,0.0111817217304331,33.3,0.27,0.0081
2022-03-04,33.42,34.79,33.28,33.35,1187819.0,0.0178266142020103,33.57,-0.4,-0.0119
2022-03-07,33.03,33.64,32.08,32.43,908946.0,0.0136413289166619,33.17,-0.92,-0.0277
2022-03-08,32.51,34.48,31.05,34.47,2368100.0,0.0355400992001143,32.25,2.03,0.0629
2022-03-09,34.22,34.22,32.86,33.57,1168940.0,0.0175432809252065,34.28,-0.89,-0.026
2022-03-10,34.08,34.74,32.88,33.08,2543130.0,0.0381669238962826,33.39,-0.49,-0.0147
2022-03-11,32.4,33.05,31.74,32.24,921050.0,0.0138229839822074,32.9,-0.84,-0.0255
2022-03-14,32.21,32.53,31.37,31.96,739430.0,0.011097257527782,32.06,-0.28,-0.0087
2022-03-15,31.95,31.95,30.36,30.53,917205.0,0.0137652787833456,31.78,-1.42,-0.0447
2022-03-16,30.94,31.35,29.83,31.22,657025.0,0.0098605353139458,30.36,0.69,0.0227
2022-03-17,31.55,33.58,31.22,32.91,1085324.0,0.0162883842001034,31.05,1.68,0.0541
2022-03-18,32.88,33.02,31.91,32.58,535993.0,0.0080441047213238,32.73,-0.33,-0.0101
2022-03-21,32.07,33.88,32.07,33.77,1096990.0,0.0164634658255704,32.4,1.19,0.0367
2022-03-22,33.64,33.64,32.34,32.47,993313.0,0.0149074965401643,33.59,-1.3,-0.0387
2022-03-23,32.41,32.98,31.98,32.8,571900.0,0.0085829917370657,32.29,0.33,0.0102
2022-03-24,32.31,32.83,32.02,32.58,413181.0,0.0062009601484745,32.62,-0.22,-0.0067
2022-03-25,32.38,32.59,31.57,32.33,549800.0,0.0082513181623338,32.4,-0.25,-0.0077
2022-03-28,31.79,32.31,31.27,31.37,403100.0,0.0060496659716929,32.15,-0.95,-0.0295
